id,product_id,forecast_period_start,forecast_period_end,predicted_quantity,unit_of_measure,generated_at,method,status,confidence_level
9531ffb9-62ee-59b0-8f8d-57c918bf231a,576f0781-3104-5d50-92f3-befe834a6fa6,2026-05-01,2026-05-07,10569,pcs,2026-04-30T09:00:00+00:00,retailops-realism-baseline-demand-model,generated,0.8200
3a4bd27f-37ae-5b7e-843d-582b3c1b739b,576f0781-3104-5d50-92f3-befe834a6fa6,2026-05-02,2026-05-08,10794,pcs,2026-04-30T10:00:00+00:00,retailops-realism-baseline-demand-model,generated,0.8100
9416bfd9-40cb-5770-94a0-181edd11dd3c,576f0781-3104-5d50-92f3-befe834a6fa6,2026-05-03,2026-05-09,11019,pcs,2026-04-30T11:00:00+00:00,retailops-realism-baseline-demand-model,generated,0.8000
a0bbe0f3-428a-5c81-81f8-5e3c0b0808e5,576f0781-3104-5d50-92f3-befe834a6fa6,2026-05-04,2026-05-10,11244,pcs,2026-04-30T12:00:00+00:00,retailops-realism-baseline-demand-model,generated,0.7900
54767979-1896-5d0a-8f57-0416d3463b1a,576f0781-3104-5d50-92f3-befe834a6fa6,2026-05-05,2026-05-11,11468,pcs,2026-04-30T13:00:00+00:00,retailops-realism-baseline-demand-model,generated,0.7800
3caa8d0f-c7f6-5beb-a3c8-ee279ec51315,576f0781-3104-5d50-92f3-befe834a6fa6,2026-05-06,2026-05-12,11693,pcs,2026-04-30T14:00:00+00:00,retailops-realism-baseline-demand-model,generated,0.7700
293c29bd-6d02-5d1b-bbd1-e36551998fcc,576f0781-3104-5d50-92f3-befe834a6fa6,2026-05-07,2026-05-13,11918,pcs,2026-04-30T15:00:00+00:00,retailops-realism-baseline-demand-model,generated,0.7600
ec522995-a19d-5321-a847-fd92854f263d,38d5dc41-891b-50f6-a02f-fda88ad8ccde,2026-05-01,2026-05-07,11993,pcs,2026-04-30T09:00:00+00:00,retailops-realism-baseline-demand-model,generated,0.8050
4af70fde-08a0-5672-80e2-64c2b66726bd,38d5dc41-891b-50f6-a02f-fda88ad8ccde,2026-05-02,2026-05-08,12248,pcs,2026-04-30T10:00:00+00:00,retailops-realism-baseline-demand-model,generated,0.7950
e4c68d77-c66d-569e-8d31-e02d96ce9a3b,38d5dc41-891b-50f6-a02f-fda88ad8ccde,2026-05-03,2026-05-09,12503,pcs,2026-04-30T11:00:00+00:00,retailops-realism-baseline-demand-model,generated,0.7850
e497dd77-0605-55d4-bb10-9f19e12804ea,38d5dc41-891b-50f6-a02f-fda88ad8ccde,2026-05-04,2026-05-10,12759,pcs,2026-04-30T12:00:00+00:00,retailops-realism-baseline-demand-model,generated,0.7750
9a4d7e2f-5d22-545f-a3a4-57678b1bd8df,38d5dc41-891b-50f6-a02f-fda88ad8ccde,2026-05-05,2026-05-11,13014,pcs,2026-04-30T13:00:00+00:00,retailops-realism-baseline-demand-model,generated,0.7650
9937365b-d607-5213-b50b-ae8b4f2b1679,38d5dc41-891b-50f6-a02f-fda88ad8ccde,2026-05-06,2026-05-12,13269,pcs,2026-04-30T14:00:00+00:00,retailops-realism-baseline-demand-model,generated,0.7550
892efc4d-8352-5358-830e-115c7f81527b,38d5dc41-891b-50f6-a02f-fda88ad8ccde,2026-05-07,2026-05-13,13524,pcs,2026-04-30T15:00:00+00:00,retailops-realism-baseline-demand-model,generated,0.7450
e07949d9-1535-5dd4-a66a-c512a08c5f04,de0b3ef5-2bd5-55d5-8b53-6dc8eda6d60f,2026-05-01,2026-05-07,12982,pcs,2026-04-30T09:00:00+00:00,retailops-realism-baseline-demand-model,generated,0.7900
07008892-e7a5-5c96-8534-63b46ca86afe,de0b3ef5-2bd5-55d5-8b53-6dc8eda6d60f,2026-05-02,2026-05-08,13258,pcs,2026-04-30T10:00:00+00:00,retailops-realism-baseline-demand-model,generated,0.7800
6b063f7a-9df2-514f-a5a6-b60c04a61696,de0b3ef5-2bd5-55d5-8b53-6dc8eda6d60f,2026-05-03,2026-05-09,13534,pcs,2026-04-30T11:00:00+00:00,retailops-realism-baseline-demand-model,generated,0.7700
83207d32-8f8e-58e1-bf43-ada64400fdbc,de0b3ef5-2bd5-55d5-8b53-6dc8eda6d60f,2026-05-04,2026-05-10,13811,pcs,2026-04-30T12:00:00+00:00,retailops-realism-baseline-demand-model,generated,0.7600
674fde67-ca98-5a2b-b2f7-02a18e2c152b,de0b3ef5-2bd5-55d5-8b53-6dc8eda6d60f,2026-05-05,2026-05-11,14087,pcs,2026-04-30T13:00:00+00:00,retailops-realism-baseline-demand-model,generated,0.7500
c36f4cec-4712-56e4-b01d-5f8c104865e9,de0b3ef5-2bd5-55d5-8b53-6dc8eda6d60f,2026-05-06,2026-05-12,14363,pcs,2026-04-30T14:00:00+00:00,retailops-realism-baseline-demand-model,generated,0.7400
fe9a5add-0f6a-5e66-8c2e-95285d49b1fb,de0b3ef5-2bd5-55d5-8b53-6dc8eda6d60f,2026-05-07,2026-05-13,14639,pcs,2026-04-30T15:00:00+00:00,retailops-realism-baseline-demand-model,generated,0.7300
4e996e2a-3797-5bf2-b0cf-c35dfc1f5fa5,b17680da-3917-5612-9246-0a9b60e6efe9,2026-05-01,2026-05-07,8863,pcs,2026-04-30T09:00:00+00:00,retailops-realism-baseline-demand-model,generated,0.7750
185464a0-51b0-55c8-a63e-c812ecc5a61c,b17680da-3917-5612-9246-0a9b60e6efe9,2026-05-02,2026-05-08,9051,pcs,2026-04-30T10:00:00+00:00,retailops-realism-baseline-demand-model,generated,0.7650
21bde8d0-8ed8-5499-a2ad-17a29665dd25,b17680da-3917-5612-9246-0a9b60e6efe9,2026-05-03,2026-05-09,9240,pcs,2026-04-30T11:00:00+00:00,retailops-realism-baseline-demand-model,generated,0.7550
349f19fe-851b-56f2-a54e-a01ec7ef7729,b17680da-3917-5612-9246-0a9b60e6efe9,2026-05-04,2026-05-10,9429,pcs,2026-04-30T12:00:00+00:00,retailops-realism-baseline-demand-model,generated,0.7450
e7cde258-2f65-57df-a8a7-65c3d5b16135,b17680da-3917-5612-9246-0a9b60e6efe9,2026-05-05,2026-05-11,9617,pcs,2026-04-30T13:00:00+00:00,retailops-realism-baseline-demand-model,generated,0.7350
d2940490-67f7-5f33-91e8-95324c6b09a5,b17680da-3917-5612-9246-0a9b60e6efe9,2026-05-06,2026-05-12,9806,pcs,2026-04-30T14:00:00+00:00,retailops-realism-baseline-demand-model,generated,0.7250
332f5011-dc3d-5c19-9fd4-de92c5982478,b17680da-3917-5612-9246-0a9b60e6efe9,2026-05-07,2026-05-13,9994,pcs,2026-04-30T15:00:00+00:00,retailops-realism-baseline-demand-model,generated,0.7150
e302e0bc-1dcb-5d07-9d3d-7983a4d07c45,62b81abd-84c4-5de4-b8f1-2d5b6b547bc3,2026-05-01,2026-05-07,8028,pcs,2026-04-30T09:00:00+00:00,retailops-realism-baseline-demand-model,generated,0.7600
7efdc576-ac92-58fd-b2df-6fb7d36b3033,62b81abd-84c4-5de4-b8f1-2d5b6b547bc3,2026-05-02,2026-05-08,8199,pcs,2026-04-30T10:00:00+00:00,retailops-realism-baseline-demand-model,generated,0.7500
550f372b-621e-5bbb-a818-7af9e997eed0,62b81abd-84c4-5de4-b8f1-2d5b6b547bc3,2026-05-03,2026-05-09,8370,pcs,2026-04-30T11:00:00+00:00,retailops-realism-baseline-demand-model,generated,0.7400
e0f525c8-4745-5054-a152-7d213586f814,62b81abd-84c4-5de4-b8f1-2d5b6b547bc3,2026-05-04,2026-05-10,8541,pcs,2026-04-30T12:00:00+00:00,retailops-realism-baseline-demand-model,generated,0.7300
3f5899df-a15b-5510-a13c-6ed7e6445da7,62b81abd-84c4-5de4-b8f1-2d5b6b547bc3,2026-05-05,2026-05-11,8711,pcs,2026-04-30T13:00:00+00:00,retailops-realism-baseline-demand-model,generated,0.7200
3443d7eb-bce0-5b2e-b08c-c7d0594ad271,62b81abd-84c4-5de4-b8f1-2d5b6b547bc3,2026-05-06,2026-05-12,8882,pcs,2026-04-30T14:00:00+00:00,retailops-realism-baseline-demand-model,generated,0.7100
247b0be7-3237-57f7-8a43-0f9498542282,62b81abd-84c4-5de4-b8f1-2d5b6b547bc3,2026-05-07,2026-05-13,9053,pcs,2026-04-30T15:00:00+00:00,retailops-realism-baseline-demand-model,generated,0.7000
23f9360c-a6ff-5315-950c-4d43a8db33a7,e3e08a14-471a-5347-94f6-b2369070c3a7,2026-05-01,2026-05-07,6043,pcs,2026-04-30T09:00:00+00:00,retailops-realism-baseline-demand-model,generated,0.7450
596c8a16-4e6a-5fd4-9856-9c58f2e2d7e7,e3e08a14-471a-5347-94f6-b2369070c3a7,2026-05-02,2026-05-08,6171,pcs,2026-04-30T10:00:00+00:00,retailops-realism-baseline-demand-model,generated,0.7350
71168200-7a85-59d2-8dfc-c5e3cd8aeebf,e3e08a14-471a-5347-94f6-b2369070c3a7,2026-05-03,2026-05-09,6300,pcs,2026-04-30T11:00:00+00:00,retailops-realism-baseline-demand-model,generated,0.7250
2b854254-bcab-5652-b287-4003779b6e6c,e3e08a14-471a-5347-94f6-b2369070c3a7,2026-05-04,2026-05-10,6429,pcs,2026-04-30T12:00:00+00:00,retailops-realism-baseline-demand-model,generated,0.7150
df0bbb52-69a9-555c-a611-73787295b5da,e3e08a14-471a-5347-94f6-b2369070c3a7,2026-05-05,2026-05-11,6557,pcs,2026-04-30T13:00:00+00:00,retailops-realism-baseline-demand-model,generated,0.7050
ffbdf86c-8f07-51d7-af82-7241884ca3a8,e3e08a14-471a-5347-94f6-b2369070c3a7,2026-05-06,2026-05-12,6686,pcs,2026-04-30T14:00:00+00:00,retailops-realism-baseline-demand-model,generated,0.6950
66fb7abb-aa87-5655-9c2f-6b9e4f9e675d,e3e08a14-471a-5347-94f6-b2369070c3a7,2026-05-07,2026-05-13,6814,pcs,2026-04-30T15:00:00+00:00,retailops-realism-baseline-demand-model,generated,0.6850
e470928a-6dfc-5854-87ec-5b100e9fe937,6ef80540-16c7-551c-95b8-9ae7373e7908,2026-05-01,2026-05-07,5057,pcs,2026-04-30T09:00:00+00:00,retailops-realism-baseline-demand-model,generated,0.7300
b3d7de91-b59b-5a15-a1b2-71fabe9e40b4,6ef80540-16c7-551c-95b8-9ae7373e7908,2026-05-02,2026-05-08,5164,pcs,2026-04-30T10:00:00+00:00,retailops-realism-baseline-demand-model,generated,0.7200
69027dd8-3112-5047-b2d0-7f159e90dd99,6ef80540-16c7-551c-95b8-9ae7373e7908,2026-05-03,2026-05-09,5272,pcs,2026-04-30T11:00:00+00:00,retailops-realism-baseline-demand-model,generated,0.7100
ae928cde-e1a0-5938-8e1d-48f92dc5354c,6ef80540-16c7-551c-95b8-9ae7373e7908,2026-05-04,2026-05-10,5380,pcs,2026-04-30T12:00:00+00:00,retailops-realism-baseline-demand-model,generated,0.7000
4da65977-db24-5b3e-ada6-a7114374502c,6ef80540-16c7-551c-95b8-9ae7373e7908,2026-05-05,2026-05-11,5487,pcs,2026-04-30T13:00:00+00:00,retailops-realism-baseline-demand-model,generated,0.6900
5a6c5211-bd25-53e4-a000-54bc3e5521a5,6ef80540-16c7-551c-95b8-9ae7373e7908,2026-05-06,2026-05-12,5595,pcs,2026-04-30T14:00:00+00:00,retailops-realism-baseline-demand-model,generated,0.6800
12c1c03d-4469-5058-ad00-ef91e8c535c3,6ef80540-16c7-551c-95b8-9ae7373e7908,2026-05-07,2026-05-13,5702,pcs,2026-04-30T15:00:00+00:00,retailops-realism-baseline-demand-model,generated,0.6700
179f1ae3-ebc2-52c6-98e2-bcd259556dc1,f000d381-f2f7-5a93-bc43-825f298a7685,2026-05-01,2026-05-07,4214,pcs,2026-04-30T09:00:00+00:00,retailops-realism-baseline-demand-model,generated,0.7150
774c4a7b-97cc-5a6f-a739-214fcae94b94,f000d381-f2f7-5a93-bc43-825f298a7685,2026-05-02,2026-05-08,4304,pcs,2026-04-30T10:00:00+00:00,retailops-realism-baseline-demand-model,generated,0.7050
91eb367a-f283-5c11-a99e-86e496f8656f,f000d381-f2f7-5a93-bc43-825f298a7685,2026-05-03,2026-05-09,4394,pcs,2026-04-30T11:00:00+00:00,retailops-realism-baseline-demand-model,generated,0.6950
03c016e2-c6fc-550e-8d8d-3e609cc11a87,f000d381-f2f7-5a93-bc43-825f298a7685,2026-05-04,2026-05-10,4484,pcs,2026-04-30T12:00:00+00:00,retailops-realism-baseline-demand-model,generated,0.6850
66cb1378-3cea-5e92-b9c5-aafca62e76f9,f000d381-f2f7-5a93-bc43-825f298a7685,2026-05-05,2026-05-11,4573,pcs,2026-04-30T13:00:00+00:00,retailops-realism-baseline-demand-model,generated,0.6750
7dbaea23-c23c-5327-8a7a-55fd53fa3309,f000d381-f2f7-5a93-bc43-825f298a7685,2026-05-06,2026-05-12,4663,pcs,2026-04-30T14:00:00+00:00,retailops-realism-baseline-demand-model,generated,0.6650
c1a288f0-6cf0-5a4b-b6ae-b1e632e68c94,f000d381-f2f7-5a93-bc43-825f298a7685,2026-05-07,2026-05-13,4753,pcs,2026-04-30T15:00:00+00:00,retailops-realism-baseline-demand-model,generated,0.6550
5ad27e5d-5951-591e-aa06-0b13f67b58da,22d48f3a-5014-5123-a1e5-345e1ddd84a3,2026-05-01,2026-05-07,1143,pcs,2026-04-30T09:00:00+00:00,retailops-realism-baseline-demand-model,generated,0.7000
22262f7f-faab-5964-bedf-0d99e9ec2179,22d48f3a-5014-5123-a1e5-345e1ddd84a3,2026-05-02,2026-05-08,1168,pcs,2026-04-30T10:00:00+00:00,retailops-realism-baseline-demand-model,generated,0.6900
4946ce67-c25f-584b-bcc7-cbe5596e67a4,22d48f3a-5014-5123-a1e5-345e1ddd84a3,2026-05-03,2026-05-09,1192,pcs,2026-04-30T11:00:00+00:00,retailops-realism-baseline-demand-model,generated,0.6800
ba95789e-5c61-5681-8079-292e42583e7d,22d48f3a-5014-5123-a1e5-345e1ddd84a3,2026-05-04,2026-05-10,1217,pcs,2026-04-30T12:00:00+00:00,retailops-realism-baseline-demand-model,generated,0.6700
2bbfffaf-517a-55b8-9edd-d1028b067bdf,22d48f3a-5014-5123-a1e5-345e1ddd84a3,2026-05-05,2026-05-11,1241,pcs,2026-04-30T13:00:00+00:00,retailops-realism-baseline-demand-model,generated,0.6600
53e31c8a-f55e-5584-9d35-0699d0cbaa5e,22d48f3a-5014-5123-a1e5-345e1ddd84a3,2026-05-06,2026-05-12,1265,pcs,2026-04-30T14:00:00+00:00,retailops-realism-baseline-demand-model,generated,0.6500
e8071b5a-b78b-5598-8aff-23467ec2207b,22d48f3a-5014-5123-a1e5-345e1ddd84a3,2026-05-07,2026-05-13,1290,pcs,2026-04-30T15:00:00+00:00,retailops-realism-baseline-demand-model,generated,0.6400
cecbd106-7b8b-5baf-a34a-772266e87fa8,7b6c271c-85eb-5849-9da9-76e7ab8e881f,2026-05-01,2026-05-07,1488,pcs,2026-04-30T09:00:00+00:00,retailops-realism-baseline-demand-model,generated,0.8200
99c6101f-c70b-55fc-8934-a1aaa8f1cf27,7b6c271c-85eb-5849-9da9-76e7ab8e881f,2026-05-02,2026-05-08,1519,pcs,2026-04-30T10:00:00+00:00,retailops-realism-baseline-demand-model,generated,0.8100
2b6338c5-a7cf-5429-96d3-5401e2d5fef6,7b6c271c-85eb-5849-9da9-76e7ab8e881f,2026-05-03,2026-05-09,1551,pcs,2026-04-30T11:00:00+00:00,retailops-realism-baseline-demand-model,generated,0.8000
10d5d92a-9289-5ec3-9833-59e401352fb6,7b6c271c-85eb-5849-9da9-76e7ab8e881f,2026-05-04,2026-05-10,1583,pcs,2026-04-30T12:00:00+00:00,retailops-realism-baseline-demand-model,generated,0.7900
76bbbd71-2120-5ca9-8ab6-6912f01ce444,7b6c271c-85eb-5849-9da9-76e7ab8e881f,2026-05-05,2026-05-11,1614,pcs,2026-04-30T13:00:00+00:00,retailops-realism-baseline-demand-model,generated,0.7800
c0f29ddc-4f11-5351-a465-845b19002b02,7b6c271c-85eb-5849-9da9-76e7ab8e881f,2026-05-06,2026-05-12,1646,pcs,2026-04-30T14:00:00+00:00,retailops-realism-baseline-demand-model,generated,0.7700
bc80c391-b1c8-5a9a-bee5-8c5734ce6a3b,7b6c271c-85eb-5849-9da9-76e7ab8e881f,2026-05-07,2026-05-13,1677,pcs,2026-04-30T15:00:00+00:00,retailops-realism-baseline-demand-model,generated,0.7600
a7e2eb35-4544-5f29-bea8-56c9c4359d79,163da9b8-d3e0-5f9e-9dd3-954c345c7684,2026-05-01,2026-05-07,888,pcs,2026-04-30T09:00:00+00:00,retailops-realism-baseline-demand-model,generated,0.8050
f9188a0a-8d19-51c0-9528-ad1d602f886d,163da9b8-d3e0-5f9e-9dd3-954c345c7684,2026-05-02,2026-05-08,907,pcs,2026-04-30T10:00:00+00:00,retailops-realism-baseline-demand-model,generated,0.7950
bf885084-c4b3-594a-a75b-23c6722fab46,163da9b8-d3e0-5f9e-9dd3-954c345c7684,2026-05-03,2026-05-09,926,pcs,2026-04-30T11:00:00+00:00,retailops-realism-baseline-demand-model,generated,0.7850
7e577f11-51b3-5ed3-a590-e03f44aa3a8c,163da9b8-d3e0-5f9e-9dd3-954c345c7684,2026-05-04,2026-05-10,945,pcs,2026-04-30T12:00:00+00:00,retailops-realism-baseline-demand-model,generated,0.7750
82a93e17-fef2-5a4d-afad-2ca3a34435e4,163da9b8-d3e0-5f9e-9dd3-954c345c7684,2026-05-05,2026-05-11,963,pcs,2026-04-30T13:00:00+00:00,retailops-realism-baseline-demand-model,generated,0.7650
9e667ebf-a765-5426-9d9d-01ee7a05c63a,163da9b8-d3e0-5f9e-9dd3-954c345c7684,2026-05-06,2026-05-12,982,pcs,2026-04-30T14:00:00+00:00,retailops-realism-baseline-demand-model,generated,0.7550
6d49abee-d6b3-54d5-98f2-a8bffd56b2d2,163da9b8-d3e0-5f9e-9dd3-954c345c7684,2026-05-07,2026-05-13,1001,pcs,2026-04-30T15:00:00+00:00,retailops-realism-baseline-demand-model,generated,0.7450
8e354333-ce6c-5862-9648-a9e7581f30e8,ca2f4809-df5a-51b1-b5eb-635bec356f40,2026-05-01,2026-05-07,667,pcs,2026-04-30T09:00:00+00:00,retailops-realism-baseline-demand-model,generated,0.7900
25f26d6d-496b-577d-9daf-29627c951d74,ca2f4809-df5a-51b1-b5eb-635bec356f40,2026-05-02,2026-05-08,681,pcs,2026-04-30T10:00:00+00:00,retailops-realism-baseline-demand-model,generated,0.7800
a2abe8cb-89c9-56aa-989a-3e52a68b36d4,ca2f4809-df5a-51b1-b5eb-635bec356f40,2026-05-03,2026-05-09,695,pcs,2026-04-30T11:00:00+00:00,retailops-realism-baseline-demand-model,generated,0.7700
ddc01641-64a0-5c8b-aa87-a4350dbb0592,ca2f4809-df5a-51b1-b5eb-635bec356f40,2026-05-04,2026-05-10,710,pcs,2026-04-30T12:00:00+00:00,retailops-realism-baseline-demand-model,generated,0.7600
d543efc5-18b6-524c-a3a8-ac77e4f111f5,ca2f4809-df5a-51b1-b5eb-635bec356f40,2026-05-05,2026-05-11,724,pcs,2026-04-30T13:00:00+00:00,retailops-realism-baseline-demand-model,generated,0.7500
1d50aa85-0c08-5e90-9d77-2f0979c82342,ca2f4809-df5a-51b1-b5eb-635bec356f40,2026-05-06,2026-05-12,738,pcs,2026-04-30T14:00:00+00:00,retailops-realism-baseline-demand-model,generated,0.7400
11f5105d-622b-570d-aa49-e5b669418b6c,ca2f4809-df5a-51b1-b5eb-635bec356f40,2026-05-07,2026-05-13,752,pcs,2026-04-30T15:00:00+00:00,retailops-realism-baseline-demand-model,generated,0.7300
122cbf6e-8042-517f-92e5-d1bfb9d55cfb,f8f45205-4b7d-5a19-9e70-2c6d708ac79c,2026-05-01,2026-05-07,955,pcs,2026-04-30T09:00:00+00:00,retailops-realism-baseline-demand-model,generated,0.7750
9b69abf1-4044-5878-a842-643a52ed06b2,f8f45205-4b7d-5a19-9e70-2c6d708ac79c,2026-05-02,2026-05-08,976,pcs,2026-04-30T10:00:00+00:00,retailops-realism-baseline-demand-model,generated,0.7650
b3a348c6-6f4a-5f39-b847-214ff2bb89aa,f8f45205-4b7d-5a19-9e70-2c6d708ac79c,2026-05-03,2026-05-09,996,pcs,2026-04-30T11:00:00+00:00,retailops-realism-baseline-demand-model,generated,0.7550
d5111435-1b21-5a0c-b162-1bd4a6d8dbc1,f8f45205-4b7d-5a19-9e70-2c6d708ac79c,2026-05-04,2026-05-10,1017,pcs,2026-04-30T12:00:00+00:00,retailops-realism-baseline-demand-model,generated,0.7450
4f5bddf3-bb63-52eb-a58e-b66bc6295cf2,f8f45205-4b7d-5a19-9e70-2c6d708ac79c,2026-05-05,2026-05-11,1037,pcs,2026-04-30T13:00:00+00:00,retailops-realism-baseline-demand-model,generated,0.7350
1e191efe-d8ef-5a31-998f-9b5b19f786de,f8f45205-4b7d-5a19-9e70-2c6d708ac79c,2026-05-06,2026-05-12,1057,pcs,2026-04-30T14:00:00+00:00,retailops-realism-baseline-demand-model,generated,0.7250
2435ed3d-9022-5f8f-83c3-b95d9c21403e,f8f45205-4b7d-5a19-9e70-2c6d708ac79c,2026-05-07,2026-05-13,1078,pcs,2026-04-30T15:00:00+00:00,retailops-realism-baseline-demand-model,generated,0.7150
cec2b5be-b250-5ae6-9704-b47bfbecd415,5030188b-d814-53c3-9914-3a99743cea2f,2026-05-01,2026-05-07,1632,pcs,2026-04-30T09:00:00+00:00,retailops-realism-baseline-demand-model,generated,0.7600
057fd111-1860-5f73-989b-3a4fe27d2195,5030188b-d814-53c3-9914-3a99743cea2f,2026-05-02,2026-05-08,1667,pcs,2026-04-30T10:00:00+00:00,retailops-realism-baseline-demand-model,generated,0.7500
e722f516-fcf2-50ec-bc86-67a81934c970,5030188b-d814-53c3-9914-3a99743cea2f,2026-05-03,2026-05-09,1702,pcs,2026-04-30T11:00:00+00:00,retailops-realism-baseline-demand-model,generated,0.7400
2b7e2a7d-4f8e-5b9e-8674-77ebb2428374,5030188b-d814-53c3-9914-3a99743cea2f,2026-05-04,2026-05-10,1737,pcs,2026-04-30T12:00:00+00:00,retailops-realism-baseline-demand-model,generated,0.7300
69b3f42d-5e1b-555b-a3e7-e798acf96259,5030188b-d814-53c3-9914-3a99743cea2f,2026-05-05,2026-05-11,1771,pcs,2026-04-30T13:00:00+00:00,retailops-realism-baseline-demand-model,generated,0.7200
8a163504-009c-5423-92ee-58c298ed5e47,5030188b-d814-53c3-9914-3a99743cea2f,2026-05-06,2026-05-12,1806,pcs,2026-04-30T14:00:00+00:00,retailops-realism-baseline-demand-model,generated,0.7100
43e7a94c-adb8-5a69-95d8-9975ce1c5a2e,5030188b-d814-53c3-9914-3a99743cea2f,2026-05-07,2026-05-13,1841,pcs,2026-04-30T15:00:00+00:00,retailops-realism-baseline-demand-model,generated,0.7000
797665b3-8146-5218-b9f4-f24047b598e8,92541b74-41dc-5325-b5f8-c731758cbdfc,2026-05-01,2026-05-07,1930,pcs,2026-04-30T09:00:00+00:00,retailops-realism-baseline-demand-model,generated,0.7450
bcee7bb8-b678-5ab2-91df-57ed58780a1b,92541b74-41dc-5325-b5f8-c731758cbdfc,2026-05-02,2026-05-08,1971,pcs,2026-04-30T10:00:00+00:00,retailops-realism-baseline-demand-model,generated,0.7350
41ae8217-2f6a-57f9-b1de-d59e4317a5fd,92541b74-41dc-5325-b5f8-c731758cbdfc,2026-05-03,2026-05-09,2012,pcs,2026-04-30T11:00:00+00:00,retailops-realism-baseline-demand-model,generated,0.7250
f8048aa9-61ae-593d-9748-50ffdd65c748,92541b74-41dc-5325-b5f8-c731758cbdfc,2026-05-04,2026-05-10,2054,pcs,2026-04-30T12:00:00+00:00,retailops-realism-baseline-demand-model,generated,0.7150
78d6d93f-884a-53ad-9661-1aaad41ab0fd,92541b74-41dc-5325-b5f8-c731758cbdfc,2026-05-05,2026-05-11,2095,pcs,2026-04-30T13:00:00+00:00,retailops-realism-baseline-demand-model,generated,0.7050
7bb863bc-8a69-5208-a00f-87da43d0e45e,92541b74-41dc-5325-b5f8-c731758cbdfc,2026-05-06,2026-05-12,2136,pcs,2026-04-30T14:00:00+00:00,retailops-realism-baseline-demand-model,generated,0.6950
518e07a8-88a1-50c4-b154-2eb8dae77eaf,92541b74-41dc-5325-b5f8-c731758cbdfc,2026-05-07,2026-05-13,2177,pcs,2026-04-30T15:00:00+00:00,retailops-realism-baseline-demand-model,generated,0.6850
3e4e20f8-94ea-5461-93a7-f2ce20b6c2ec,5e4db0b5-3afc-5b37-b821-e41339bfcb8f,2026-05-01,2026-05-07,858,pcs,2026-04-30T09:00:00+00:00,retailops-realism-baseline-demand-model,generated,0.7300
a2921396-e767-564c-a9af-ef4114b3b374,5e4db0b5-3afc-5b37-b821-e41339bfcb8f,2026-05-02,2026-05-08,876,pcs,2026-04-30T10:00:00+00:00,retailops-realism-baseline-demand-model,generated,0.7200
a35c57b3-c3d5-5569-9f8a-06383c84fcba,5e4db0b5-3afc-5b37-b821-e41339bfcb8f,2026-05-03,2026-05-09,894,pcs,2026-04-30T11:00:00+00:00,retailops-realism-baseline-demand-model,generated,0.7100
4cf3b6f6-8144-56a3-92de-dc189eb98dcf,5e4db0b5-3afc-5b37-b821-e41339bfcb8f,2026-05-04,2026-05-10,913,pcs,2026-04-30T12:00:00+00:00,retailops-realism-baseline-demand-model,generated,0.7000
c3761524-5c48-5f20-be1b-f9a322fd76ef,5e4db0b5-3afc-5b37-b821-e41339bfcb8f,2026-05-05,2026-05-11,931,pcs,2026-04-30T13:00:00+00:00,retailops-realism-baseline-demand-model,generated,0.6900
3115b88d-54d5-5170-ad88-da5a37f199e6,5e4db0b5-3afc-5b37-b821-e41339bfcb8f,2026-05-06,2026-05-12,949,pcs,2026-04-30T14:00:00+00:00,retailops-realism-baseline-demand-model,generated,0.6800
04d70a7e-8795-5119-8b1b-10a2021b88c6,5e4db0b5-3afc-5b37-b821-e41339bfcb8f,2026-05-07,2026-05-13,967,pcs,2026-04-30T15:00:00+00:00,retailops-realism-baseline-demand-model,generated,0.6700
ed0e4211-5774-5f03-92e7-78f5f4ddc998,6836df32-8a55-5c22-8e6b-ed15005c6d4a,2026-05-01,2026-05-07,1931,pcs,2026-04-30T09:00:00+00:00,retailops-realism-baseline-demand-model,generated,0.7150
9a5a7dd0-61f8-5b79-bd55-fd70568bf71a,6836df32-8a55-5c22-8e6b-ed15005c6d4a,2026-05-02,2026-05-08,1972,pcs,2026-04-30T10:00:00+00:00,retailops-realism-baseline-demand-model,generated,0.7050
d3cf96f8-2d58-540e-a378-bb141d212834,6836df32-8a55-5c22-8e6b-ed15005c6d4a,2026-05-03,2026-05-09,2013,pcs,2026-04-30T11:00:00+00:00,retailops-realism-baseline-demand-model,generated,0.6950
b1f3534b-ce3c-5db4-874f-4a717cabfa99,6836df32-8a55-5c22-8e6b-ed15005c6d4a,2026-05-04,2026-05-10,2055,pcs,2026-04-30T12:00:00+00:00,retailops-realism-baseline-demand-model,generated,0.6850
ad9b8ac5-0b04-5cf3-80bb-7e620cf50197,6836df32-8a55-5c22-8e6b-ed15005c6d4a,2026-05-05,2026-05-11,2096,pcs,2026-04-30T13:00:00+00:00,retailops-realism-baseline-demand-model,generated,0.6750
58941a12-d29f-501c-b7cf-466f630e5b23,6836df32-8a55-5c22-8e6b-ed15005c6d4a,2026-05-06,2026-05-12,2137,pcs,2026-04-30T14:00:00+00:00,retailops-realism-baseline-demand-model,generated,0.6650
82d507b6-6e0f-5b83-ba81-b44503733a60,6836df32-8a55-5c22-8e6b-ed15005c6d4a,2026-05-07,2026-05-13,2178,pcs,2026-04-30T15:00:00+00:00,retailops-realism-baseline-demand-model,generated,0.6550
c0e81ffa-b6d0-5c41-b354-4531e3829c23,60fc91ce-c105-5d41-a03f-c6f4490669e1,2026-05-01,2026-05-07,799,pcs,2026-04-30T09:00:00+00:00,retailops-realism-baseline-demand-model,generated,0.7000
860a6df9-3195-53d0-b942-cb03c104da96,60fc91ce-c105-5d41-a03f-c6f4490669e1,2026-05-02,2026-05-08,816,pcs,2026-04-30T10:00:00+00:00,retailops-realism-baseline-demand-model,generated,0.6900
534a4e70-a2b1-5673-a136-a673463b07b6,60fc91ce-c105-5d41-a03f-c6f4490669e1,2026-05-03,2026-05-09,833,pcs,2026-04-30T11:00:00+00:00,retailops-realism-baseline-demand-model,generated,0.6800
e1cbeb8a-cf8a-5f15-acc3-517eaa5f86b3,60fc91ce-c105-5d41-a03f-c6f4490669e1,2026-05-04,2026-05-10,851,pcs,2026-04-30T12:00:00+00:00,retailops-realism-baseline-demand-model,generated,0.6700
c29449ff-26ec-53d6-afb5-e3ab04ea0371,60fc91ce-c105-5d41-a03f-c6f4490669e1,2026-05-05,2026-05-11,868,pcs,2026-04-30T13:00:00+00:00,retailops-realism-baseline-demand-model,generated,0.6600
e59cf49f-03be-55fd-9368-0ef695dff92d,60fc91ce-c105-5d41-a03f-c6f4490669e1,2026-05-06,2026-05-12,885,pcs,2026-04-30T14:00:00+00:00,retailops-realism-baseline-demand-model,generated,0.6500
213a66a0-f487-5cc7-830d-dc907b4d1544,60fc91ce-c105-5d41-a03f-c6f4490669e1,2026-05-07,2026-05-13,902,pcs,2026-04-30T15:00:00+00:00,retailops-realism-baseline-demand-model,generated,0.6400
dee81378-5e71-5399-8719-d154e8cefce9,944b935c-7308-50ea-a7a3-71cc8f2fd4c5,2026-05-01,2026-05-07,1540,pcs,2026-04-30T09:00:00+00:00,retailops-realism-baseline-demand-model,generated,0.8200
f715e447-4837-5139-b6bc-f5ce7bf2ef14,944b935c-7308-50ea-a7a3-71cc8f2fd4c5,2026-05-02,2026-05-08,1573,pcs,2026-04-30T10:00:00+00:00,retailops-realism-baseline-demand-model,generated,0.8100
e16505ea-86aa-5591-8ea6-8f674d28af53,944b935c-7308-50ea-a7a3-71cc8f2fd4c5,2026-05-03,2026-05-09,1606,pcs,2026-04-30T11:00:00+00:00,retailops-realism-baseline-demand-model,generated,0.8000
759edcbc-6b92-59cd-8d84-a062736bc4fb,944b935c-7308-50ea-a7a3-71cc8f2fd4c5,2026-05-04,2026-05-10,1639,pcs,2026-04-30T12:00:00+00:00,retailops-realism-baseline-demand-model,generated,0.7900
1746a176-d486-5e94-826a-9b672b75ebb6,944b935c-7308-50ea-a7a3-71cc8f2fd4c5,2026-05-05,2026-05-11,1671,pcs,2026-04-30T13:00:00+00:00,retailops-realism-baseline-demand-model,generated,0.7800
cc2577f9-84d8-552e-945e-a3cd01716016,944b935c-7308-50ea-a7a3-71cc8f2fd4c5,2026-05-06,2026-05-12,1704,pcs,2026-04-30T14:00:00+00:00,retailops-realism-baseline-demand-model,generated,0.7700
62aa74e5-2e28-506d-925a-089361d62b38,944b935c-7308-50ea-a7a3-71cc8f2fd4c5,2026-05-07,2026-05-13,1737,pcs,2026-04-30T15:00:00+00:00,retailops-realism-baseline-demand-model,generated,0.7600
a75caaf1-2e29-56f0-9ef5-ba48d9842cca,b3eddb5e-2feb-5a7d-9d80-832a203e282f,2026-05-01,2026-05-07,938,pcs,2026-04-30T09:00:00+00:00,retailops-realism-baseline-demand-model,generated,0.8050
9f4727b9-9f51-53fe-82f4-3c693ed1e00c,b3eddb5e-2feb-5a7d-9d80-832a203e282f,2026-05-02,2026-05-08,958,pcs,2026-04-30T10:00:00+00:00,retailops-realism-baseline-demand-model,generated,0.7950
a965910f-2e91-5c42-9677-fa364a300f0a,b3eddb5e-2feb-5a7d-9d80-832a203e282f,2026-05-03,2026-05-09,978,pcs,2026-04-30T11:00:00+00:00,retailops-realism-baseline-demand-model,generated,0.7850
394ef9ab-ad07-5db6-ab57-1bb35138001e,b3eddb5e-2feb-5a7d-9d80-832a203e282f,2026-05-04,2026-05-10,998,pcs,2026-04-30T12:00:00+00:00,retailops-realism-baseline-demand-model,generated,0.7750
6cd92f4f-a074-509e-b480-336c5af901a6,b3eddb5e-2feb-5a7d-9d80-832a203e282f,2026-05-05,2026-05-11,1017,pcs,2026-04-30T13:00:00+00:00,retailops-realism-baseline-demand-model,generated,0.7650
125f610f-6e19-5598-83a2-e6772d200b3f,b3eddb5e-2feb-5a7d-9d80-832a203e282f,2026-05-06,2026-05-12,1037,pcs,2026-04-30T14:00:00+00:00,retailops-realism-baseline-demand-model,generated,0.7550
c23e6d11-30d6-5326-9085-65104f339a2e,b3eddb5e-2feb-5a7d-9d80-832a203e282f,2026-05-07,2026-05-13,1057,pcs,2026-04-30T15:00:00+00:00,retailops-realism-baseline-demand-model,generated,0.7450
a21b1383-41be-5a07-b4a4-f817cd3649ad,360ec9af-06ab-53b8-adcc-f0a8badedcdf,2026-05-01,2026-05-07,667,pcs,2026-04-30T09:00:00+00:00,retailops-realism-baseline-demand-model,generated,0.7900
cc413699-7bd2-5832-98e0-e288708cd537,360ec9af-06ab-53b8-adcc-f0a8badedcdf,2026-05-02,2026-05-08,681,pcs,2026-04-30T10:00:00+00:00,retailops-realism-baseline-demand-model,generated,0.7800
96c43450-661a-59e2-b839-58e0800ca038,360ec9af-06ab-53b8-adcc-f0a8badedcdf,2026-05-03,2026-05-09,695,pcs,2026-04-30T11:00:00+00:00,retailops-realism-baseline-demand-model,generated,0.7700
30f16f0f-47ca-538c-9622-e04f424e20e9,360ec9af-06ab-53b8-adcc-f0a8badedcdf,2026-05-04,2026-05-10,710,pcs,2026-04-30T12:00:00+00:00,retailops-realism-baseline-demand-model,generated,0.7600
2254896d-75f5-558c-8891-c68446a072e7,360ec9af-06ab-53b8-adcc-f0a8badedcdf,2026-05-05,2026-05-11,724,pcs,2026-04-30T13:00:00+00:00,retailops-realism-baseline-demand-model,generated,0.7500
23b1faa1-3372-53aa-b8a3-25bfda05fd71,360ec9af-06ab-53b8-adcc-f0a8badedcdf,2026-05-06,2026-05-12,738,pcs,2026-04-30T14:00:00+00:00,retailops-realism-baseline-demand-model,generated,0.7400
4915eafb-7a97-5ede-b2a9-fcb6142b2075,360ec9af-06ab-53b8-adcc-f0a8badedcdf,2026-05-07,2026-05-13,752,pcs,2026-04-30T15:00:00+00:00,retailops-realism-baseline-demand-model,generated,0.7300
f743649e-3e08-526c-ba24-5a319db405a0,c6ad2817-6d98-5707-85ba-460e2ab44c7a,2026-05-01,2026-05-07,1064,pcs,2026-04-30T09:00:00+00:00,retailops-realism-baseline-demand-model,generated,0.7750
f63d6f4d-1d0a-5095-9b65-84bf5d12b5a7,c6ad2817-6d98-5707-85ba-460e2ab44c7a,2026-05-02,2026-05-08,1086,pcs,2026-04-30T10:00:00+00:00,retailops-realism-baseline-demand-model,generated,0.7650
ae739a40-05b3-527a-9564-93ffe2c60c96,c6ad2817-6d98-5707-85ba-460e2ab44c7a,2026-05-03,2026-05-09,1109,pcs,2026-04-30T11:00:00+00:00,retailops-realism-baseline-demand-model,generated,0.7550
3c83c5e7-01e7-5607-875f-1e14a09b1bbd,c6ad2817-6d98-5707-85ba-460e2ab44c7a,2026-05-04,2026-05-10,1132,pcs,2026-04-30T12:00:00+00:00,retailops-realism-baseline-demand-model,generated,0.7450
9ebe5cf2-725f-5f54-a593-21a7f0d830f0,c6ad2817-6d98-5707-85ba-460e2ab44c7a,2026-05-05,2026-05-11,1154,pcs,2026-04-30T13:00:00+00:00,retailops-realism-baseline-demand-model,generated,0.7350
53fb7a37-faef-58b9-b4a7-15b005f5d5f0,c6ad2817-6d98-5707-85ba-460e2ab44c7a,2026-05-06,2026-05-12,1177,pcs,2026-04-30T14:00:00+00:00,retailops-realism-baseline-demand-model,generated,0.7250
fee7fe1d-a260-511e-a92e-4895402f6e07,c6ad2817-6d98-5707-85ba-460e2ab44c7a,2026-05-07,2026-05-13,1199,pcs,2026-04-30T15:00:00+00:00,retailops-realism-baseline-demand-model,generated,0.7150
7fc1e2a6-738f-5838-9953-9b26e4ed48b4,44953a4d-66fb-5d64-9644-a9213ce753fb,2026-05-01,2026-05-07,1244,pcs,2026-04-30T09:00:00+00:00,retailops-realism-baseline-demand-model,generated,0.7600
073d5987-2a44-5994-ae33-043f7618d5fa,44953a4d-66fb-5d64-9644-a9213ce753fb,2026-05-02,2026-05-08,1271,pcs,2026-04-30T10:00:00+00:00,retailops-realism-baseline-demand-model,generated,0.7500
e3beb828-6d42-5920-8afe-42fd050e0517,44953a4d-66fb-5d64-9644-a9213ce753fb,2026-05-03,2026-05-09,1297,pcs,2026-04-30T11:00:00+00:00,retailops-realism-baseline-demand-model,generated,0.7400
bc5f7775-d9c8-5e23-bdf3-7cb7ea2902dd,44953a4d-66fb-5d64-9644-a9213ce753fb,2026-05-04,2026-05-10,1324,pcs,2026-04-30T12:00:00+00:00,retailops-realism-baseline-demand-model,generated,0.7300
d68c1c77-19a6-56c6-acea-9b389c630b7d,44953a4d-66fb-5d64-9644-a9213ce753fb,2026-05-05,2026-05-11,1350,pcs,2026-04-30T13:00:00+00:00,retailops-realism-baseline-demand-model,generated,0.7200
96b3b71a-b246-557b-b94f-2129e4501e9d,44953a4d-66fb-5d64-9644-a9213ce753fb,2026-05-06,2026-05-12,1376,pcs,2026-04-30T14:00:00+00:00,retailops-realism-baseline-demand-model,generated,0.7100
d04bf0b6-16a3-558e-9b7d-181526804ae6,44953a4d-66fb-5d64-9644-a9213ce753fb,2026-05-07,2026-05-13,1403,pcs,2026-04-30T15:00:00+00:00,retailops-realism-baseline-demand-model,generated,0.7000
f2659681-8100-587a-a277-48d9da03e805,5acda6c0-5a1e-5e97-9a2c-6a29d8118012,2026-05-01,2026-05-07,2375,pcs,2026-04-30T09:00:00+00:00,retailops-realism-baseline-demand-model,generated,0.7450
7f97e787-1d15-5ce8-b8af-891cd2be08fb,5acda6c0-5a1e-5e97-9a2c-6a29d8118012,2026-05-02,2026-05-08,2425,pcs,2026-04-30T10:00:00+00:00,retailops-realism-baseline-demand-model,generated,0.7350
b7248e1c-f219-58bc-9ddf-834e3e8f178c,5acda6c0-5a1e-5e97-9a2c-6a29d8118012,2026-05-03,2026-05-09,2476,pcs,2026-04-30T11:00:00+00:00,retailops-realism-baseline-demand-model,generated,0.7250
25746ba8-96e6-5681-8c86-45e3221f851b,5acda6c0-5a1e-5e97-9a2c-6a29d8118012,2026-05-04,2026-05-10,2527,pcs,2026-04-30T12:00:00+00:00,retailops-realism-baseline-demand-model,generated,0.7150
699e3ac7-8d59-5187-bf73-bb975431b895,5acda6c0-5a1e-5e97-9a2c-6a29d8118012,2026-05-05,2026-05-11,2577,pcs,2026-04-30T13:00:00+00:00,retailops-realism-baseline-demand-model,generated,0.7050
dca66ad5-581c-5845-970f-6a882c0de4c2,5acda6c0-5a1e-5e97-9a2c-6a29d8118012,2026-05-06,2026-05-12,2628,pcs,2026-04-30T14:00:00+00:00,retailops-realism-baseline-demand-model,generated,0.6950
90c35584-8585-5fa1-8d7b-7bcb6ede98ae,5acda6c0-5a1e-5e97-9a2c-6a29d8118012,2026-05-07,2026-05-13,2678,pcs,2026-04-30T15:00:00+00:00,retailops-realism-baseline-demand-model,generated,0.6850
9be48322-0a22-54ed-858e-8b92eb3e0ead,06f4fcc4-2bd2-526c-bfc8-6a4cbad967b3,2026-05-01,2026-05-07,2086,pcs,2026-04-30T09:00:00+00:00,retailops-realism-baseline-demand-model,generated,0.7300
30e8f273-a47d-5cc3-8c43-ee91fdcbe463,06f4fcc4-2bd2-526c-bfc8-6a4cbad967b3,2026-05-02,2026-05-08,2131,pcs,2026-04-30T10:00:00+00:00,retailops-realism-baseline-demand-model,generated,0.7200
ead65e31-0e42-5819-8137-6e3b690ca518,06f4fcc4-2bd2-526c-bfc8-6a4cbad967b3,2026-05-03,2026-05-09,2175,pcs,2026-04-30T11:00:00+00:00,retailops-realism-baseline-demand-model,generated,0.7100
46aede78-c6f2-5c5b-bbbd-43aff0f76449,06f4fcc4-2bd2-526c-bfc8-6a4cbad967b3,2026-05-04,2026-05-10,2220,pcs,2026-04-30T12:00:00+00:00,retailops-realism-baseline-demand-model,generated,0.7000
2e45c862-2227-5e78-a0c8-ede011be347d,06f4fcc4-2bd2-526c-bfc8-6a4cbad967b3,2026-05-05,2026-05-11,2264,pcs,2026-04-30T13:00:00+00:00,retailops-realism-baseline-demand-model,generated,0.6900
64ef5a4f-64d4-57ef-87dc-9ba62eda83be,06f4fcc4-2bd2-526c-bfc8-6a4cbad967b3,2026-05-06,2026-05-12,2308,pcs,2026-04-30T14:00:00+00:00,retailops-realism-baseline-demand-model,generated,0.6800
e34fb55a-bb62-5e2a-b91b-13df40827c7f,06f4fcc4-2bd2-526c-bfc8-6a4cbad967b3,2026-05-07,2026-05-13,2353,pcs,2026-04-30T15:00:00+00:00,retailops-realism-baseline-demand-model,generated,0.6700
62eabc56-3cff-5838-951d-472469f4e5dc,b6756d87-a0a0-556a-b6ed-1c904680ceb4,2026-05-01,2026-05-07,271,pcs,2026-04-30T09:00:00+00:00,retailops-realism-baseline-demand-model,generated,0.7150
5a2f7504-0428-5fa8-bee1-a5b037eb87de,b6756d87-a0a0-556a-b6ed-1c904680ceb4,2026-05-02,2026-05-08,277,pcs,2026-04-30T10:00:00+00:00,retailops-realism-baseline-demand-model,generated,0.7050
2d52a077-ef10-55f4-b517-3f91fa22146b,b6756d87-a0a0-556a-b6ed-1c904680ceb4,2026-05-03,2026-05-09,283,pcs,2026-04-30T11:00:00+00:00,retailops-realism-baseline-demand-model,generated,0.6950
49724e63-38ea-54e2-89d9-9b4595255463,b6756d87-a0a0-556a-b6ed-1c904680ceb4,2026-05-04,2026-05-10,289,pcs,2026-04-30T12:00:00+00:00,retailops-realism-baseline-demand-model,generated,0.6850
4a02826b-c8e8-5c64-9be7-12b4ca375aa5,b6756d87-a0a0-556a-b6ed-1c904680ceb4,2026-05-05,2026-05-11,294,pcs,2026-04-30T13:00:00+00:00,retailops-realism-baseline-demand-model,generated,0.6750
4052b324-32ff-5e69-a296-5e219db55f84,b6756d87-a0a0-556a-b6ed-1c904680ceb4,2026-05-06,2026-05-12,300,pcs,2026-04-30T14:00:00+00:00,retailops-realism-baseline-demand-model,generated,0.6650
061b39af-b5ec-517f-a2fc-cabe624359cd,b6756d87-a0a0-556a-b6ed-1c904680ceb4,2026-05-07,2026-05-13,306,pcs,2026-04-30T15:00:00+00:00,retailops-realism-baseline-demand-model,generated,0.6550
2aedf3f9-18be-5d84-87ed-66b4aafe36a4,78d65be0-4c32-5c7a-932c-89673632def9,2026-05-01,2026-05-07,293,pcs,2026-04-30T09:00:00+00:00,retailops-realism-baseline-demand-model,generated,0.7000
124671ec-0056-5e14-882d-c46df2d6839c,78d65be0-4c32-5c7a-932c-89673632def9,2026-05-02,2026-05-08,299,pcs,2026-04-30T10:00:00+00:00,retailops-realism-baseline-demand-model,generated,0.6900
65cdfef8-cc3e-53b2-87f4-61d5c39fb897,78d65be0-4c32-5c7a-932c-89673632def9,2026-05-03,2026-05-09,305,pcs,2026-04-30T11:00:00+00:00,retailops-realism-baseline-demand-model,generated,0.6800
9e0966ef-ca05-5452-b0e4-b3a1f255e60c,78d65be0-4c32-5c7a-932c-89673632def9,2026-05-04,2026-05-10,312,pcs,2026-04-30T12:00:00+00:00,retailops-realism-baseline-demand-model,generated,0.6700
6e4c4ffb-e3bc-56b6-93e4-5f37cb890ae0,78d65be0-4c32-5c7a-932c-89673632def9,2026-05-05,2026-05-11,318,pcs,2026-04-30T13:00:00+00:00,retailops-realism-baseline-demand-model,generated,0.6600
bdd88b44-e44a-52ad-8300-ad00e35c4f41,78d65be0-4c32-5c7a-932c-89673632def9,2026-05-06,2026-05-12,324,pcs,2026-04-30T14:00:00+00:00,retailops-realism-baseline-demand-model,generated,0.6500
b4915b14-c206-52fc-8693-8215b0d56376,78d65be0-4c32-5c7a-932c-89673632def9,2026-05-07,2026-05-13,330,pcs,2026-04-30T15:00:00+00:00,retailops-realism-baseline-demand-model,generated,0.6400
acf88cb1-8bd2-5c78-864a-a1857a750959,01fc3b7e-8b29-50d3-a3d4-bc713fa84405,2026-05-01,2026-05-07,137,pcs,2026-04-30T09:00:00+00:00,retailops-realism-baseline-demand-model,generated,0.8200
79624f69-05b2-5691-9b27-ddd0c39605f6,01fc3b7e-8b29-50d3-a3d4-bc713fa84405,2026-05-02,2026-05-08,140,pcs,2026-04-30T10:00:00+00:00,retailops-realism-baseline-demand-model,generated,0.8100
1f189f40-f6d8-5518-86db-6acecfe59f0b,01fc3b7e-8b29-50d3-a3d4-bc713fa84405,2026-05-03,2026-05-09,143,pcs,2026-04-30T11:00:00+00:00,retailops-realism-baseline-demand-model,generated,0.8000
7bef78cd-69c3-5112-861a-18e39bce340e,01fc3b7e-8b29-50d3-a3d4-bc713fa84405,2026-05-04,2026-05-10,146,pcs,2026-04-30T12:00:00+00:00,retailops-realism-baseline-demand-model,generated,0.7900
e4d67d60-23f9-5604-a0e5-3e284fad6f9b,01fc3b7e-8b29-50d3-a3d4-bc713fa84405,2026-05-05,2026-05-11,148,pcs,2026-04-30T13:00:00+00:00,retailops-realism-baseline-demand-model,generated,0.7800
89de36e4-af0e-5faf-af06-c7cb917613dd,01fc3b7e-8b29-50d3-a3d4-bc713fa84405,2026-05-06,2026-05-12,151,pcs,2026-04-30T14:00:00+00:00,retailops-realism-baseline-demand-model,generated,0.7700
d847f837-059e-5e74-a770-78636fced49e,01fc3b7e-8b29-50d3-a3d4-bc713fa84405,2026-05-07,2026-05-13,154,pcs,2026-04-30T15:00:00+00:00,retailops-realism-baseline-demand-model,generated,0.7600
3d4b3e17-a63d-59ed-aeaf-bd7bebc9bf30,e97682bc-117f-532b-8b65-b717c09bc30f,2026-05-01,2026-05-07,224,pcs,2026-04-30T09:00:00+00:00,retailops-realism-baseline-demand-model,generated,0.8050
f89f2f53-ffe7-5954-86a1-b39abf41e821,e97682bc-117f-532b-8b65-b717c09bc30f,2026-05-02,2026-05-08,229,pcs,2026-04-30T10:00:00+00:00,retailops-realism-baseline-demand-model,generated,0.7950
db1a7dec-b65d-5fd2-932a-55b3037cebf2,e97682bc-117f-532b-8b65-b717c09bc30f,2026-05-03,2026-05-09,234,pcs,2026-04-30T11:00:00+00:00,retailops-realism-baseline-demand-model,generated,0.7850
afe8f0da-a354-5269-be0e-455745ed4317,e97682bc-117f-532b-8b65-b717c09bc30f,2026-05-04,2026-05-10,239,pcs,2026-04-30T12:00:00+00:00,retailops-realism-baseline-demand-model,generated,0.7750
66114d09-f5c5-5abe-9dcc-145304c442e1,e97682bc-117f-532b-8b65-b717c09bc30f,2026-05-05,2026-05-11,243,pcs,2026-04-30T13:00:00+00:00,retailops-realism-baseline-demand-model,generated,0.7650
851c98ce-48dd-5643-8642-0000282b4ef6,e97682bc-117f-532b-8b65-b717c09bc30f,2026-05-06,2026-05-12,248,pcs,2026-04-30T14:00:00+00:00,retailops-realism-baseline-demand-model,generated,0.7550
34e45ea7-9511-54af-ae11-7ee96a512afb,e97682bc-117f-532b-8b65-b717c09bc30f,2026-05-07,2026-05-13,253,pcs,2026-04-30T15:00:00+00:00,retailops-realism-baseline-demand-model,generated,0.7450
6d25d47a-dc83-53ef-a8b4-bc02214806c6,b7d44817-034b-51e8-84f0-70a921a96cdb,2026-05-01,2026-05-07,423,pcs,2026-04-30T09:00:00+00:00,retailops-realism-baseline-demand-model,generated,0.7900
b73edae9-680a-5cce-8880-e696bc40ec88,b7d44817-034b-51e8-84f0-70a921a96cdb,2026-05-02,2026-05-08,432,pcs,2026-04-30T10:00:00+00:00,retailops-realism-baseline-demand-model,generated,0.7800
db235964-c3b7-5ba1-b9ec-144d580b5268,b7d44817-034b-51e8-84f0-70a921a96cdb,2026-05-03,2026-05-09,441,pcs,2026-04-30T11:00:00+00:00,retailops-realism-baseline-demand-model,generated,0.7700
a571db16-413b-54e3-8055-7c885c7bf73f,b7d44817-034b-51e8-84f0-70a921a96cdb,2026-05-04,2026-05-10,451,pcs,2026-04-30T12:00:00+00:00,retailops-realism-baseline-demand-model,generated,0.7600
bc64ec76-2274-5df7-9b0e-203919c87141,b7d44817-034b-51e8-84f0-70a921a96cdb,2026-05-05,2026-05-11,460,pcs,2026-04-30T13:00:00+00:00,retailops-realism-baseline-demand-model,generated,0.7500
3fb1080d-a12e-56ee-aa2a-7152b32cc6e0,b7d44817-034b-51e8-84f0-70a921a96cdb,2026-05-06,2026-05-12,469,pcs,2026-04-30T14:00:00+00:00,retailops-realism-baseline-demand-model,generated,0.7400
e219a4e6-bb59-56ca-9399-dd8986925f96,b7d44817-034b-51e8-84f0-70a921a96cdb,2026-05-07,2026-05-13,478,pcs,2026-04-30T15:00:00+00:00,retailops-realism-baseline-demand-model,generated,0.7300
e788449a-7624-5ebf-986f-967fe2cd2d10,85e7e944-3e11-5a89-ac96-c23167ff32dc,2026-05-01,2026-05-07,239,pcs,2026-04-30T09:00:00+00:00,retailops-realism-baseline-demand-model,generated,0.7750
f2c66565-1b2f-528e-8180-1c0ece565ee4,85e7e944-3e11-5a89-ac96-c23167ff32dc,2026-05-02,2026-05-08,244,pcs,2026-04-30T10:00:00+00:00,retailops-realism-baseline-demand-model,generated,0.7650
0f91548e-93d3-5717-b404-9d61667acc69,85e7e944-3e11-5a89-ac96-c23167ff32dc,2026-05-03,2026-05-09,249,pcs,2026-04-30T11:00:00+00:00,retailops-realism-baseline-demand-model,generated,0.7550
ce9cf2b5-fb31-564f-b442-212404628637,85e7e944-3e11-5a89-ac96-c23167ff32dc,2026-05-04,2026-05-10,255,pcs,2026-04-30T12:00:00+00:00,retailops-realism-baseline-demand-model,generated,0.7450
5f6b24fa-9ea9-5dc7-a87d-2ac15bd3cc2e,85e7e944-3e11-5a89-ac96-c23167ff32dc,2026-05-05,2026-05-11,260,pcs,2026-04-30T13:00:00+00:00,retailops-realism-baseline-demand-model,generated,0.7350
94a088c3-11dd-5086-8f84-a57fc97d3d0f,85e7e944-3e11-5a89-ac96-c23167ff32dc,2026-05-06,2026-05-12,265,pcs,2026-04-30T14:00:00+00:00,retailops-realism-baseline-demand-model,generated,0.7250
bb808c4e-7694-57d6-87c2-0109f3e21176,85e7e944-3e11-5a89-ac96-c23167ff32dc,2026-05-07,2026-05-13,270,pcs,2026-04-30T15:00:00+00:00,retailops-realism-baseline-demand-model,generated,0.7150
01a9c784-7cd4-56d7-a637-91509ad8f831,975dfb1e-69d1-5f10-8875-2e1acefd4859,2026-05-01,2026-05-07,413,pcs,2026-04-30T09:00:00+00:00,retailops-realism-baseline-demand-model,generated,0.7600
0620b40d-80a1-54b8-aeb0-f04f3588a5f8,975dfb1e-69d1-5f10-8875-2e1acefd4859,2026-05-02,2026-05-08,422,pcs,2026-04-30T10:00:00+00:00,retailops-realism-baseline-demand-model,generated,0.7500
6f83fc90-7208-57bf-93ef-0fa33b148894,975dfb1e-69d1-5f10-8875-2e1acefd4859,2026-05-03,2026-05-09,431,pcs,2026-04-30T11:00:00+00:00,retailops-realism-baseline-demand-model,generated,0.7400
a0715aae-b8ef-56a4-be9b-bbad5c8317fc,975dfb1e-69d1-5f10-8875-2e1acefd4859,2026-05-04,2026-05-10,440,pcs,2026-04-30T12:00:00+00:00,retailops-realism-baseline-demand-model,generated,0.7300
b2c1908f-5faa-5af8-afb4-620fe2be805a,975dfb1e-69d1-5f10-8875-2e1acefd4859,2026-05-05,2026-05-11,448,pcs,2026-04-30T13:00:00+00:00,retailops-realism-baseline-demand-model,generated,0.7200
98cf7e9e-f705-5673-9446-03cb96068054,975dfb1e-69d1-5f10-8875-2e1acefd4859,2026-05-06,2026-05-12,457,pcs,2026-04-30T14:00:00+00:00,retailops-realism-baseline-demand-model,generated,0.7100
89036eab-0053-5230-ab21-d3ee6896511e,975dfb1e-69d1-5f10-8875-2e1acefd4859,2026-05-07,2026-05-13,466,pcs,2026-04-30T15:00:00+00:00,retailops-realism-baseline-demand-model,generated,0.7000
d6374c31-9b05-58af-afff-11669b559fee,ac6c0b36-b856-5925-aca7-b8e3bb4639a3,2026-05-01,2026-05-07,240,pcs,2026-04-30T09:00:00+00:00,retailops-realism-baseline-demand-model,generated,0.7450
b9f7c698-c4a5-5c91-800c-2a767e3fe8e8,ac6c0b36-b856-5925-aca7-b8e3bb4639a3,2026-05-02,2026-05-08,245,pcs,2026-04-30T10:00:00+00:00,retailops-realism-baseline-demand-model,generated,0.7350
35990f23-aa39-50e4-af95-2a6b3f66c0f3,ac6c0b36-b856-5925-aca7-b8e3bb4639a3,2026-05-03,2026-05-09,250,pcs,2026-04-30T11:00:00+00:00,retailops-realism-baseline-demand-model,generated,0.7250
b7f2051c-2aeb-5213-a624-92d4a2eba385,ac6c0b36-b856-5925-aca7-b8e3bb4639a3,2026-05-04,2026-05-10,256,pcs,2026-04-30T12:00:00+00:00,retailops-realism-baseline-demand-model,generated,0.7150
d794ae04-ee3a-5a6e-bb88-1380123f3b76,ac6c0b36-b856-5925-aca7-b8e3bb4639a3,2026-05-05,2026-05-11,261,pcs,2026-04-30T13:00:00+00:00,retailops-realism-baseline-demand-model,generated,0.7050
7641988c-ed09-5197-9f3a-8d4fdb7ba616,ac6c0b36-b856-5925-aca7-b8e3bb4639a3,2026-05-06,2026-05-12,266,pcs,2026-04-30T14:00:00+00:00,retailops-realism-baseline-demand-model,generated,0.6950
e804e70a-3a68-542a-b9d8-504a861db0c3,ac6c0b36-b856-5925-aca7-b8e3bb4639a3,2026-05-07,2026-05-13,271,pcs,2026-04-30T15:00:00+00:00,retailops-realism-baseline-demand-model,generated,0.6850
2bf43f59-b7ff-57a8-8480-cb30ff1ccf12,7d15b52f-782f-5fa8-9c0b-78ebb03a07a5,2026-05-01,2026-05-07,622,pcs,2026-04-30T09:00:00+00:00,retailops-realism-baseline-demand-model,generated,0.7300
2cb64286-ffce-542e-b8ef-54ee7f1fb7c0,7d15b52f-782f-5fa8-9c0b-78ebb03a07a5,2026-05-02,2026-05-08,635,pcs,2026-04-30T10:00:00+00:00,retailops-realism-baseline-demand-model,generated,0.7200
9e6f68fb-22b9-5378-b28b-fb9893c04d95,7d15b52f-782f-5fa8-9c0b-78ebb03a07a5,2026-05-03,2026-05-09,648,pcs,2026-04-30T11:00:00+00:00,retailops-realism-baseline-demand-model,generated,0.7100
cae5054f-da7e-54c9-8caf-0205bdd6ca5d,7d15b52f-782f-5fa8-9c0b-78ebb03a07a5,2026-05-04,2026-05-10,662,pcs,2026-04-30T12:00:00+00:00,retailops-realism-baseline-demand-model,generated,0.7000
3da702ee-b37c-51cf-87ad-d43b0ac48ec7,7d15b52f-782f-5fa8-9c0b-78ebb03a07a5,2026-05-05,2026-05-11,675,pcs,2026-04-30T13:00:00+00:00,retailops-realism-baseline-demand-model,generated,0.6900
f66b797f-ad80-5081-a8fe-24902a20c0d0,7d15b52f-782f-5fa8-9c0b-78ebb03a07a5,2026-05-06,2026-05-12,688,pcs,2026-04-30T14:00:00+00:00,retailops-realism-baseline-demand-model,generated,0.6800
232363fd-1428-5d01-b77b-7385f368c4a9,7d15b52f-782f-5fa8-9c0b-78ebb03a07a5,2026-05-07,2026-05-13,701,pcs,2026-04-30T15:00:00+00:00,retailops-realism-baseline-demand-model,generated,0.6700
632e5013-19ac-50e6-86d2-ac159ce578f4,2532c2ec-f726-59a0-9af7-a077b1c5c99d,2026-05-01,2026-05-07,205,pcs,2026-04-30T09:00:00+00:00,retailops-realism-baseline-demand-model,generated,0.7150
7dc5d475-3bc2-5ab2-ac40-e6ed46755c7d,2532c2ec-f726-59a0-9af7-a077b1c5c99d,2026-05-02,2026-05-08,210,pcs,2026-04-30T10:00:00+00:00,retailops-realism-baseline-demand-model,generated,0.7050
ece75349-7802-583b-8402-a973213b9b4c,2532c2ec-f726-59a0-9af7-a077b1c5c99d,2026-05-03,2026-05-09,214,pcs,2026-04-30T11:00:00+00:00,retailops-realism-baseline-demand-model,generated,0.6950
b1380117-46ec-50ce-8f50-c49ca4257f43,2532c2ec-f726-59a0-9af7-a077b1c5c99d,2026-05-04,2026-05-10,219,pcs,2026-04-30T12:00:00+00:00,retailops-realism-baseline-demand-model,generated,0.6850
faa50bc3-9473-5ac6-a9ea-2d81c0ba74be,2532c2ec-f726-59a0-9af7-a077b1c5c99d,2026-05-05,2026-05-11,223,pcs,2026-04-30T13:00:00+00:00,retailops-realism-baseline-demand-model,generated,0.6750
d01c35d5-5f2d-51bb-b0b6-cb15132cd2d9,2532c2ec-f726-59a0-9af7-a077b1c5c99d,2026-05-06,2026-05-12,227,pcs,2026-04-30T14:00:00+00:00,retailops-realism-baseline-demand-model,generated,0.6650
e781eabb-76ca-5790-bf93-71ee993f9968,2532c2ec-f726-59a0-9af7-a077b1c5c99d,2026-05-07,2026-05-13,232,pcs,2026-04-30T15:00:00+00:00,retailops-realism-baseline-demand-model,generated,0.6550
1db3fd38-da47-58b9-b981-209f95893d63,6e80b7e9-0667-54ce-838e-56aca777afef,2026-05-01,2026-05-07,242,pcs,2026-04-30T09:00:00+00:00,retailops-realism-baseline-demand-model,generated,0.7000
2530f1e3-7a27-5d00-aa1f-1e0103fecfdb,6e80b7e9-0667-54ce-838e-56aca777afef,2026-05-02,2026-05-08,247,pcs,2026-04-30T10:00:00+00:00,retailops-realism-baseline-demand-model,generated,0.6900
d87694b5-e21e-5e3e-9152-700cb34a735f,6e80b7e9-0667-54ce-838e-56aca777afef,2026-05-03,2026-05-09,252,pcs,2026-04-30T11:00:00+00:00,retailops-realism-baseline-demand-model,generated,0.6800
68784dde-4687-5b5a-a610-88487bab760a,6e80b7e9-0667-54ce-838e-56aca777afef,2026-05-04,2026-05-10,258,pcs,2026-04-30T12:00:00+00:00,retailops-realism-baseline-demand-model,generated,0.6700
75a912ba-5b55-58bc-be47-1c7185a91d7f,6e80b7e9-0667-54ce-838e-56aca777afef,2026-05-05,2026-05-11,263,pcs,2026-04-30T13:00:00+00:00,retailops-realism-baseline-demand-model,generated,0.6600
b7413257-c6b3-5227-9cef-f6b67e26b5ee,6e80b7e9-0667-54ce-838e-56aca777afef,2026-05-06,2026-05-12,268,pcs,2026-04-30T14:00:00+00:00,retailops-realism-baseline-demand-model,generated,0.6500
918e10f0-5081-53c4-9e49-47662b3a0898,6e80b7e9-0667-54ce-838e-56aca777afef,2026-05-07,2026-05-13,273,pcs,2026-04-30T15:00:00+00:00,retailops-realism-baseline-demand-model,generated,0.6400
17c39202-1fd5-5535-9bcf-e972be673475,9a6922f7-9343-52bc-89b0-d1db33a0340d,2026-05-01,2026-05-07,209,pcs,2026-04-30T09:00:00+00:00,retailops-realism-baseline-demand-model,generated,0.8200
1fc7dd75-28ab-549c-b60c-1bb06688a7ca,9a6922f7-9343-52bc-89b0-d1db33a0340d,2026-05-02,2026-05-08,214,pcs,2026-04-30T10:00:00+00:00,retailops-realism-baseline-demand-model,generated,0.8100
a1b1522b-ecec-5e4c-a3a6-2869593ed36e,9a6922f7-9343-52bc-89b0-d1db33a0340d,2026-05-03,2026-05-09,218,pcs,2026-04-30T11:00:00+00:00,retailops-realism-baseline-demand-model,generated,0.8000
1e470d98-164d-53cb-b67e-e0fc379f242e,9a6922f7-9343-52bc-89b0-d1db33a0340d,2026-05-04,2026-05-10,223,pcs,2026-04-30T12:00:00+00:00,retailops-realism-baseline-demand-model,generated,0.7900
0d54cb7f-8d99-54c0-a0a0-0973ce5697a9,9a6922f7-9343-52bc-89b0-d1db33a0340d,2026-05-05,2026-05-11,227,pcs,2026-04-30T13:00:00+00:00,retailops-realism-baseline-demand-model,generated,0.7800
11d85484-c6a4-5d05-93e6-977cca650c70,9a6922f7-9343-52bc-89b0-d1db33a0340d,2026-05-06,2026-05-12,231,pcs,2026-04-30T14:00:00+00:00,retailops-realism-baseline-demand-model,generated,0.7700
01e22822-2142-5394-bb12-b251ea14b2ad,9a6922f7-9343-52bc-89b0-d1db33a0340d,2026-05-07,2026-05-13,236,pcs,2026-04-30T15:00:00+00:00,retailops-realism-baseline-demand-model,generated,0.7600
d74cf118-4f9d-587f-ba27-d6073e316ee4,f42ebea5-b984-5835-bd6a-106e6e6fdcfb,2026-05-01,2026-05-07,540,pcs,2026-04-30T09:00:00+00:00,retailops-realism-baseline-demand-model,generated,0.8050
77959b87-650d-5787-8991-b17ef0ef39bc,f42ebea5-b984-5835-bd6a-106e6e6fdcfb,2026-05-02,2026-05-08,552,pcs,2026-04-30T10:00:00+00:00,retailops-realism-baseline-demand-model,generated,0.7950
2abf71e0-1c9e-5eb5-90e3-3b49ef53acbe,f42ebea5-b984-5835-bd6a-106e6e6fdcfb,2026-05-03,2026-05-09,563,pcs,2026-04-30T11:00:00+00:00,retailops-realism-baseline-demand-model,generated,0.7850
fa5838ea-a870-5c82-8a28-03b4d1efb10a,f42ebea5-b984-5835-bd6a-106e6e6fdcfb,2026-05-04,2026-05-10,575,pcs,2026-04-30T12:00:00+00:00,retailops-realism-baseline-demand-model,generated,0.7750
12352f24-0504-5d57-94b8-4eb64e93747c,f42ebea5-b984-5835-bd6a-106e6e6fdcfb,2026-05-05,2026-05-11,586,pcs,2026-04-30T13:00:00+00:00,retailops-realism-baseline-demand-model,generated,0.7650
d8f31202-a8bc-5916-b954-27ebf40f4281,f42ebea5-b984-5835-bd6a-106e6e6fdcfb,2026-05-06,2026-05-12,598,pcs,2026-04-30T14:00:00+00:00,retailops-realism-baseline-demand-model,generated,0.7550
6c11c145-0c6c-5e2b-8574-db2e5d390ee2,f42ebea5-b984-5835-bd6a-106e6e6fdcfb,2026-05-07,2026-05-13,609,pcs,2026-04-30T15:00:00+00:00,retailops-realism-baseline-demand-model,generated,0.7450
a61a7af7-e574-5807-a8f4-d22754863ac7,9cf88386-0bed-5ac4-9a5f-045e8b2a7a00,2026-05-01,2026-05-07,149,pcs,2026-04-30T09:00:00+00:00,retailops-realism-baseline-demand-model,generated,0.7900
d2a26b42-6a46-5027-bc6e-da44a63df42d,9cf88386-0bed-5ac4-9a5f-045e8b2a7a00,2026-05-02,2026-05-08,152,pcs,2026-04-30T10:00:00+00:00,retailops-realism-baseline-demand-model,generated,0.7800
75e001b5-d1f4-5909-98e7-1bf42a4de0e2,9cf88386-0bed-5ac4-9a5f-045e8b2a7a00,2026-05-03,2026-05-09,155,pcs,2026-04-30T11:00:00+00:00,retailops-realism-baseline-demand-model,generated,0.7700
06e091be-6034-515c-b4a4-e5224ef2ffa7,9cf88386-0bed-5ac4-9a5f-045e8b2a7a00,2026-05-04,2026-05-10,159,pcs,2026-04-30T12:00:00+00:00,retailops-realism-baseline-demand-model,generated,0.7600
3519e0fb-1710-5811-829e-751b07e87aad,9cf88386-0bed-5ac4-9a5f-045e8b2a7a00,2026-05-05,2026-05-11,162,pcs,2026-04-30T13:00:00+00:00,retailops-realism-baseline-demand-model,generated,0.7500
5513a38b-8732-52d8-80d1-8cae9406842a,9cf88386-0bed-5ac4-9a5f-045e8b2a7a00,2026-05-06,2026-05-12,165,pcs,2026-04-30T14:00:00+00:00,retailops-realism-baseline-demand-model,generated,0.7400
d84ec7fe-cd6b-5a84-aee5-0111e7f6c4fe,9cf88386-0bed-5ac4-9a5f-045e8b2a7a00,2026-05-07,2026-05-13,168,pcs,2026-04-30T15:00:00+00:00,retailops-realism-baseline-demand-model,generated,0.7300
e74908d8-c67e-534b-881d-c7d1317cb64b,ac8ce360-9980-5f71-b176-285323c963b8,2026-05-01,2026-05-07,175,pcs,2026-04-30T09:00:00+00:00,retailops-realism-baseline-demand-model,generated,0.7750
cae5caa6-5aac-583e-8482-2de63604670b,ac8ce360-9980-5f71-b176-285323c963b8,2026-05-02,2026-05-08,179,pcs,2026-04-30T10:00:00+00:00,retailops-realism-baseline-demand-model,generated,0.7650
7ec3629b-1085-5753-a7b0-52482022b6af,ac8ce360-9980-5f71-b176-285323c963b8,2026-05-03,2026-05-09,183,pcs,2026-04-30T11:00:00+00:00,retailops-realism-baseline-demand-model,generated,0.7550
9cc7b499-7dad-5b0f-89c4-37cbaead4625,ac8ce360-9980-5f71-b176-285323c963b8,2026-05-04,2026-05-10,187,pcs,2026-04-30T12:00:00+00:00,retailops-realism-baseline-demand-model,generated,0.7450
8c71974f-392d-5c23-a464-dcc58fe331e6,ac8ce360-9980-5f71-b176-285323c963b8,2026-05-05,2026-05-11,190,pcs,2026-04-30T13:00:00+00:00,retailops-realism-baseline-demand-model,generated,0.7350
9d41fa62-e3ae-5cd9-ac21-f4a0ff920eaf,ac8ce360-9980-5f71-b176-285323c963b8,2026-05-06,2026-05-12,194,pcs,2026-04-30T14:00:00+00:00,retailops-realism-baseline-demand-model,generated,0.7250
03667b37-5777-517d-b88e-db0771ed6f02,ac8ce360-9980-5f71-b176-285323c963b8,2026-05-07,2026-05-13,198,pcs,2026-04-30T15:00:00+00:00,retailops-realism-baseline-demand-model,generated,0.7150
43d3cc84-730d-5ed4-b3ae-8bd589f64dc7,58e54d28-afe6-5090-9990-c3649b754085,2026-05-01,2026-05-07,396,pcs,2026-04-30T09:00:00+00:00,retailops-realism-baseline-demand-model,generated,0.7600
a7c97aa7-7060-5075-8538-ab1dffe1316e,58e54d28-afe6-5090-9990-c3649b754085,2026-05-02,2026-05-08,405,pcs,2026-04-30T10:00:00+00:00,retailops-realism-baseline-demand-model,generated,0.7500
f91b6b1e-6f8b-56e2-a22a-e85b1c5fe5ce,58e54d28-afe6-5090-9990-c3649b754085,2026-05-03,2026-05-09,413,pcs,2026-04-30T11:00:00+00:00,retailops-realism-baseline-demand-model,generated,0.7400
ce95873a-7b1c-55d0-bddd-6baa1e69623b,58e54d28-afe6-5090-9990-c3649b754085,2026-05-04,2026-05-10,422,pcs,2026-04-30T12:00:00+00:00,retailops-realism-baseline-demand-model,generated,0.7300
9c6d85f4-f5bd-5291-8eb5-8d4b3ca99d94,58e54d28-afe6-5090-9990-c3649b754085,2026-05-05,2026-05-11,430,pcs,2026-04-30T13:00:00+00:00,retailops-realism-baseline-demand-model,generated,0.7200
030d9024-c081-533c-9893-1e759cdb557e,58e54d28-afe6-5090-9990-c3649b754085,2026-05-06,2026-05-12,438,pcs,2026-04-30T14:00:00+00:00,retailops-realism-baseline-demand-model,generated,0.7100
d7dbe12a-4b0d-5ca2-bd65-333e5d4f4372,58e54d28-afe6-5090-9990-c3649b754085,2026-05-07,2026-05-13,447,pcs,2026-04-30T15:00:00+00:00,retailops-realism-baseline-demand-model,generated,0.7000
b5f89975-8af3-5434-a0ef-878cc90bb41b,ab1d5346-1d4b-582e-bd7a-c0685e487f0b,2026-05-01,2026-05-07,189,pcs,2026-04-30T09:00:00+00:00,retailops-realism-baseline-demand-model,generated,0.7450
08780a18-cc3a-580f-9950-ea14e6257094,ab1d5346-1d4b-582e-bd7a-c0685e487f0b,2026-05-02,2026-05-08,193,pcs,2026-04-30T10:00:00+00:00,retailops-realism-baseline-demand-model,generated,0.7350
828b45d8-b4d5-515f-8459-3a1d2f0bdfaf,ab1d5346-1d4b-582e-bd7a-c0685e487f0b,2026-05-03,2026-05-09,197,pcs,2026-04-30T11:00:00+00:00,retailops-realism-baseline-demand-model,generated,0.7250
7ac4e26a-dd1c-59e0-b453-bd1849440328,ab1d5346-1d4b-582e-bd7a-c0685e487f0b,2026-05-04,2026-05-10,202,pcs,2026-04-30T12:00:00+00:00,retailops-realism-baseline-demand-model,generated,0.7150
e55ec887-7bd0-546a-aabd-e0d0ba6bc3ce,ab1d5346-1d4b-582e-bd7a-c0685e487f0b,2026-05-05,2026-05-11,206,pcs,2026-04-30T13:00:00+00:00,retailops-realism-baseline-demand-model,generated,0.7050
2e125753-5b5c-57db-a88a-c02d76a06310,ab1d5346-1d4b-582e-bd7a-c0685e487f0b,2026-05-06,2026-05-12,210,pcs,2026-04-30T14:00:00+00:00,retailops-realism-baseline-demand-model,generated,0.6950
f5880c7c-03fa-590c-94af-5887dbb85d9c,ab1d5346-1d4b-582e-bd7a-c0685e487f0b,2026-05-07,2026-05-13,214,pcs,2026-04-30T15:00:00+00:00,retailops-realism-baseline-demand-model,generated,0.6850
163f56de-0e00-5a69-a97f-9de1a7b600f6,5a4f9e8e-a5d6-5631-ae53-ffbfaec4450c,2026-05-01,2026-05-07,470,pcs,2026-04-30T09:00:00+00:00,retailops-realism-baseline-demand-model,generated,0.7300
db9d4468-b3b1-5693-b6c8-ab944959b8f8,5a4f9e8e-a5d6-5631-ae53-ffbfaec4450c,2026-05-02,2026-05-08,480,pcs,2026-04-30T10:00:00+00:00,retailops-realism-baseline-demand-model,generated,0.7200
0cd46b06-e63c-5b62-954c-9ffb39b62567,5a4f9e8e-a5d6-5631-ae53-ffbfaec4450c,2026-05-03,2026-05-09,490,pcs,2026-04-30T11:00:00+00:00,retailops-realism-baseline-demand-model,generated,0.7100
109e8580-7984-5ecb-8504-18d0d815b513,5a4f9e8e-a5d6-5631-ae53-ffbfaec4450c,2026-05-04,2026-05-10,500,pcs,2026-04-30T12:00:00+00:00,retailops-realism-baseline-demand-model,generated,0.7000
8aca8cd9-7f7e-528d-8af2-90a69764da87,5a4f9e8e-a5d6-5631-ae53-ffbfaec4450c,2026-05-05,2026-05-11,510,pcs,2026-04-30T13:00:00+00:00,retailops-realism-baseline-demand-model,generated,0.6900
7442edc8-ef37-5bf1-839f-cfe1d3c04f2e,5a4f9e8e-a5d6-5631-ae53-ffbfaec4450c,2026-05-06,2026-05-12,520,pcs,2026-04-30T14:00:00+00:00,retailops-realism-baseline-demand-model,generated,0.6800
d4558c08-957b-57c4-9215-8f3ea95f4dbc,5a4f9e8e-a5d6-5631-ae53-ffbfaec4450c,2026-05-07,2026-05-13,530,pcs,2026-04-30T15:00:00+00:00,retailops-realism-baseline-demand-model,generated,0.6700
8ae6c0c1-019f-52bc-a96c-44da68e00659,aea54154-8157-5774-8110-fba37ae17360,2026-05-01,2026-05-07,372,pcs,2026-04-30T09:00:00+00:00,retailops-realism-baseline-demand-model,generated,0.7150
e1e00410-e542-5c67-9a37-363fb7aa92ff,aea54154-8157-5774-8110-fba37ae17360,2026-05-02,2026-05-08,380,pcs,2026-04-30T10:00:00+00:00,retailops-realism-baseline-demand-model,generated,0.7050
779baa69-70ca-5e7b-8923-b40db6bc722a,aea54154-8157-5774-8110-fba37ae17360,2026-05-03,2026-05-09,388,pcs,2026-04-30T11:00:00+00:00,retailops-realism-baseline-demand-model,generated,0.6950
e707ba22-4d68-5850-9ff0-2654ee683a57,aea54154-8157-5774-8110-fba37ae17360,2026-05-04,2026-05-10,396,pcs,2026-04-30T12:00:00+00:00,retailops-realism-baseline-demand-model,generated,0.6850
daca9377-b51e-5142-98ce-ac889e1ec343,aea54154-8157-5774-8110-fba37ae17360,2026-05-05,2026-05-11,403,pcs,2026-04-30T13:00:00+00:00,retailops-realism-baseline-demand-model,generated,0.6750
d97379d7-8607-5f07-9e63-5d05cbc0ac04,aea54154-8157-5774-8110-fba37ae17360,2026-05-06,2026-05-12,411,pcs,2026-04-30T14:00:00+00:00,retailops-realism-baseline-demand-model,generated,0.6650
f4b42d13-1732-5b34-905e-d2ded9030277,aea54154-8157-5774-8110-fba37ae17360,2026-05-07,2026-05-13,419,pcs,2026-04-30T15:00:00+00:00,retailops-realism-baseline-demand-model,generated,0.6550
bf13d281-57c0-5918-8039-32f31691e1fe,293b0637-4956-51c6-b5b9-b71cef14f7a6,2026-05-01,2026-05-07,352,pcs,2026-04-30T09:00:00+00:00,retailops-realism-baseline-demand-model,generated,0.7000
9f3e3682-ff7d-5b29-ada3-c9ec300d611c,293b0637-4956-51c6-b5b9-b71cef14f7a6,2026-05-02,2026-05-08,360,pcs,2026-04-30T10:00:00+00:00,retailops-realism-baseline-demand-model,generated,0.6900
c4d1fc06-e645-5e86-88fe-d95a0a975474,293b0637-4956-51c6-b5b9-b71cef14f7a6,2026-05-03,2026-05-09,367,pcs,2026-04-30T11:00:00+00:00,retailops-realism-baseline-demand-model,generated,0.6800
1a402a64-8a2c-5bb3-a513-23388dc29209,293b0637-4956-51c6-b5b9-b71cef14f7a6,2026-05-04,2026-05-10,375,pcs,2026-04-30T12:00:00+00:00,retailops-realism-baseline-demand-model,generated,0.6700
9400f3ee-2bd1-54d5-a10c-368100030dcb,293b0637-4956-51c6-b5b9-b71cef14f7a6,2026-05-05,2026-05-11,382,pcs,2026-04-30T13:00:00+00:00,retailops-realism-baseline-demand-model,generated,0.6600
4da1eebc-4390-5764-b91b-b08d303b11af,293b0637-4956-51c6-b5b9-b71cef14f7a6,2026-05-06,2026-05-12,390,pcs,2026-04-30T14:00:00+00:00,retailops-realism-baseline-demand-model,generated,0.6500
86d5ea0e-3f75-5787-aa70-19b7ecde740e,293b0637-4956-51c6-b5b9-b71cef14f7a6,2026-05-07,2026-05-13,397,pcs,2026-04-30T15:00:00+00:00,retailops-realism-baseline-demand-model,generated,0.6400
61fd6b79-db39-5bf2-aeaa-069831bff731,5125db4d-be56-5fed-8c57-2cb37186845a,2026-05-01,2026-05-07,82,pcs,2026-04-30T09:00:00+00:00,retailops-realism-baseline-demand-model,generated,0.8200
8819d1cd-5145-5073-979f-713ebb38b719,5125db4d-be56-5fed-8c57-2cb37186845a,2026-05-02,2026-05-08,84,pcs,2026-04-30T10:00:00+00:00,retailops-realism-baseline-demand-model,generated,0.8100
9435b0b6-706f-5969-abac-aaed4c94d856,5125db4d-be56-5fed-8c57-2cb37186845a,2026-05-03,2026-05-09,86,pcs,2026-04-30T11:00:00+00:00,retailops-realism-baseline-demand-model,generated,0.8000
3281f4da-990b-532f-98cd-c34c99b6a7e9,5125db4d-be56-5fed-8c57-2cb37186845a,2026-05-04,2026-05-10,88,pcs,2026-04-30T12:00:00+00:00,retailops-realism-baseline-demand-model,generated,0.7900
e9dd80ce-c46b-5686-bc14-ec6bc01d7b92,5125db4d-be56-5fed-8c57-2cb37186845a,2026-05-05,2026-05-11,89,pcs,2026-04-30T13:00:00+00:00,retailops-realism-baseline-demand-model,generated,0.7800
ad006aa2-8264-5501-8c32-cd5e2e32c3a1,5125db4d-be56-5fed-8c57-2cb37186845a,2026-05-06,2026-05-12,91,pcs,2026-04-30T14:00:00+00:00,retailops-realism-baseline-demand-model,generated,0.7700
c2185e31-a39d-509a-971f-c9a262dec93f,5125db4d-be56-5fed-8c57-2cb37186845a,2026-05-07,2026-05-13,93,pcs,2026-04-30T15:00:00+00:00,retailops-realism-baseline-demand-model,generated,0.7600
64c8aa8e-70b3-50c2-bd5a-d6a3ee355890,ce797b7a-af13-5663-88da-14c0a9fe5a63,2026-05-01,2026-05-07,35,pcs,2026-04-30T09:00:00+00:00,retailops-realism-baseline-demand-model,generated,0.8050
d7e0d17f-c842-5cf0-9f05-982243f396aa,ce797b7a-af13-5663-88da-14c0a9fe5a63,2026-05-02,2026-05-08,36,pcs,2026-04-30T10:00:00+00:00,retailops-realism-baseline-demand-model,generated,0.7950
aa4ef176-cabf-53b1-913d-0bd4b0867d28,ce797b7a-af13-5663-88da-14c0a9fe5a63,2026-05-03,2026-05-09,37,pcs,2026-04-30T11:00:00+00:00,retailops-realism-baseline-demand-model,generated,0.7850
d68a4323-68db-5755-bc44-ac3391a5beb6,ce797b7a-af13-5663-88da-14c0a9fe5a63,2026-05-04,2026-05-10,38,pcs,2026-04-30T12:00:00+00:00,retailops-realism-baseline-demand-model,generated,0.7750
b97289f7-4b03-592e-a8e1-6be69d1861ff,ce797b7a-af13-5663-88da-14c0a9fe5a63,2026-05-05,2026-05-11,38,pcs,2026-04-30T13:00:00+00:00,retailops-realism-baseline-demand-model,generated,0.7650
9d021d63-f084-53bf-8881-2cad23ac46fc,ce797b7a-af13-5663-88da-14c0a9fe5a63,2026-05-06,2026-05-12,39,pcs,2026-04-30T14:00:00+00:00,retailops-realism-baseline-demand-model,generated,0.7550
2075ca1c-1ddf-5b7a-a428-b8b9b073d925,ce797b7a-af13-5663-88da-14c0a9fe5a63,2026-05-07,2026-05-13,40,pcs,2026-04-30T15:00:00+00:00,retailops-realism-baseline-demand-model,generated,0.7450
90324cb7-6216-5777-920a-e155618595b3,ef4975d2-c692-52bd-9c55-6fc144747695,2026-05-01,2026-05-07,243,pcs,2026-04-30T09:00:00+00:00,retailops-realism-baseline-demand-model,generated,0.7900
976aaced-fa27-501f-9b83-cf79c48b9205,ef4975d2-c692-52bd-9c55-6fc144747695,2026-05-02,2026-05-08,248,pcs,2026-04-30T10:00:00+00:00,retailops-realism-baseline-demand-model,generated,0.7800
3acfa681-462b-54f9-89fb-f66d009cf76c,ef4975d2-c692-52bd-9c55-6fc144747695,2026-05-03,2026-05-09,253,pcs,2026-04-30T11:00:00+00:00,retailops-realism-baseline-demand-model,generated,0.7700
2d9d83ed-62c9-5829-962c-5f884e6dd1b1,ef4975d2-c692-52bd-9c55-6fc144747695,2026-05-04,2026-05-10,259,pcs,2026-04-30T12:00:00+00:00,retailops-realism-baseline-demand-model,generated,0.7600
85b29d01-de1b-5ba5-9e5c-b28be3077599,ef4975d2-c692-52bd-9c55-6fc144747695,2026-05-05,2026-05-11,264,pcs,2026-04-30T13:00:00+00:00,retailops-realism-baseline-demand-model,generated,0.7500
355ac57f-8554-574a-b6f1-b7bd6c864a92,ef4975d2-c692-52bd-9c55-6fc144747695,2026-05-06,2026-05-12,269,pcs,2026-04-30T14:00:00+00:00,retailops-realism-baseline-demand-model,generated,0.7400
23b22a01-1d29-57ef-a3f8-4958f8c779fe,ef4975d2-c692-52bd-9c55-6fc144747695,2026-05-07,2026-05-13,274,pcs,2026-04-30T15:00:00+00:00,retailops-realism-baseline-demand-model,generated,0.7300
c514ec7f-bd40-5e45-8796-d1b746ee757c,91c81a29-2ca8-52e7-bffd-af9c56b7218c,2026-05-01,2026-05-07,35,pcs,2026-04-30T09:00:00+00:00,retailops-realism-baseline-demand-model,generated,0.7750
59c6a713-58e1-56aa-b47e-25776c9417ed,91c81a29-2ca8-52e7-bffd-af9c56b7218c,2026-05-02,2026-05-08,36,pcs,2026-04-30T10:00:00+00:00,retailops-realism-baseline-demand-model,generated,0.7650
295d3092-55b3-5e41-a126-7a22c8bfbd60,91c81a29-2ca8-52e7-bffd-af9c56b7218c,2026-05-03,2026-05-09,37,pcs,2026-04-30T11:00:00+00:00,retailops-realism-baseline-demand-model,generated,0.7550
981ff3bf-2635-52a6-a266-12ac01ddc61d,91c81a29-2ca8-52e7-bffd-af9c56b7218c,2026-05-04,2026-05-10,38,pcs,2026-04-30T12:00:00+00:00,retailops-realism-baseline-demand-model,generated,0.7450
a2f3af9e-e1fa-58ff-96b9-c1af5aa517c4,91c81a29-2ca8-52e7-bffd-af9c56b7218c,2026-05-05,2026-05-11,38,pcs,2026-04-30T13:00:00+00:00,retailops-realism-baseline-demand-model,generated,0.7350
72e7632b-5dea-5c49-92d8-992c4ea27a01,91c81a29-2ca8-52e7-bffd-af9c56b7218c,2026-05-06,2026-05-12,39,pcs,2026-04-30T14:00:00+00:00,retailops-realism-baseline-demand-model,generated,0.7250
847d9aa0-5567-5972-948f-37ec6b79860b,91c81a29-2ca8-52e7-bffd-af9c56b7218c,2026-05-07,2026-05-13,40,pcs,2026-04-30T15:00:00+00:00,retailops-realism-baseline-demand-model,generated,0.7150
721fe03c-67d6-5c7a-a7b2-924b3211ecbd,ef601e27-fbe0-531a-8b8b-900d8745a901,2026-05-01,2026-05-07,199,pcs,2026-04-30T09:00:00+00:00,retailops-realism-baseline-demand-model,generated,0.7600
4b268beb-7d58-556d-aa0d-373398e6f2ab,ef601e27-fbe0-531a-8b8b-900d8745a901,2026-05-02,2026-05-08,203,pcs,2026-04-30T10:00:00+00:00,retailops-realism-baseline-demand-model,generated,0.7500
b56cc9aa-1662-5db4-baa2-c04057e65cd4,ef601e27-fbe0-531a-8b8b-900d8745a901,2026-05-03,2026-05-09,207,pcs,2026-04-30T11:00:00+00:00,retailops-realism-baseline-demand-model,generated,0.7400
0e25a263-a98a-5f64-9996-65a836f777ef,ef601e27-fbe0-531a-8b8b-900d8745a901,2026-05-04,2026-05-10,212,pcs,2026-04-30T12:00:00+00:00,retailops-realism-baseline-demand-model,generated,0.7300
e968a348-be58-58d4-9e79-0f9023e85cf8,ef601e27-fbe0-531a-8b8b-900d8745a901,2026-05-05,2026-05-11,216,pcs,2026-04-30T13:00:00+00:00,retailops-realism-baseline-demand-model,generated,0.7200
045adcb8-6059-5e5b-ac0b-5f73d3d3dc54,ef601e27-fbe0-531a-8b8b-900d8745a901,2026-05-06,2026-05-12,220,pcs,2026-04-30T14:00:00+00:00,retailops-realism-baseline-demand-model,generated,0.7100
e41cc17a-69c9-5ef1-a979-fbc142452016,ef601e27-fbe0-531a-8b8b-900d8745a901,2026-05-07,2026-05-13,224,pcs,2026-04-30T15:00:00+00:00,retailops-realism-baseline-demand-model,generated,0.7000
